-- DEPARTMENTS
INSERT INTO departments (dept_id, dept_name) VALUES
(1, 'Human Resources'),
(2, 'Engineering'),
(3, 'Marketing'),
(4, 'Sales'),
(5, 'Finance');

-- POSITIONS
INSERT INTO positions (position_id, position_name) VALUES
(1, 'HR Manager'),
(2, 'Recruiter'),
(3, 'Software Engineer'),
(4, 'DevOps Engineer'),
(5, 'Marketing Analyst'),
(6, 'Content Strategist'),
(7, 'Sales Representative'),
(8, 'Account Executive'),
(9, 'Financial Analyst'),
(10, 'Controller');

-- EMPLOYEES 
INSERT INTO employees (emp_id, emp_name, hire_date, salary, dept_id, position_id) VALUES
(1, 'Alice Johnson', '2019-02-10', 72000, 1, 1),
(2, 'Michael Smith', '2020-06-11', 68000, 1, 2),
(3, 'Sarah Davis', '2018-01-23', 115000, 2, 4),
(4, 'David Miller', '2019-06-27', 112000, 2, 3),
(5, 'Emma Brown', '2021-03-18', 70000, 3, 5),
(6, 'Daniel Lee', '2020-10-02', 69000, 3, 6),
(7, 'Olivia Wilson', '2018-07-27', 119000, 4, 7),
(8, 'James Anderson', '2019-12-11', 96000, 4, 7),
(9, 'Sophia Martinez', '2020-09-30', 64000, 5, 9),
(10, 'Liam Taylor', '2016-04-20', 100000, 5, 10),
(11, 'Noah Moore', '2015-12-06', 60000, 2, 3),
(12, 'Isabella Clark', '2019-08-22', 95000, 2, 4),
(13, 'Ethan Lewis', '2017-06-08', 105000, 1, 1),
(14, 'Mia Robinson', '2020-01-15', 72000, 1, 2),
(15, 'Alexander Walker', '2020-06-11', 87000, 3, 6),
(16, 'Charlotte Hall', '2016-02-19', 135000, 3, 5),
(17, 'Benjamin Allen', '2018-03-05', 113000, 4, 8),
(18, 'Amelia Young', '2021-07-01', 69000, 5, 10),
(19, 'Logan Hernandez', '2020-10-17', 93000, 5, 9),
(20, 'Harper King', '2022-02-23', 62000, 1, 2),
(21, 'Elijah Wright', '2018-12-09', 117000, 2, 4),
(22, 'Evelyn Scott', '2019-06-05', 70000, 3, 5),
(23, 'Aiden Green', '2018-01-17', 66000, 3, 6),
(24, 'Abigail Adams', '2021-04-04', 94000, 4, 7),
(25, 'Lucas Baker', '2020-05-12', 90000, 4, 8),
(26, 'Ella Nelson', '2020-03-11', 85000, 5, 9),
(27, 'Jackson Carter', '2018-01-16', 100000, 5, 10),
(28, 'Emily Perez', '2019-06-07', 77000, 1, 1),
(29, 'Jacob Roberts', '2020-12-28', 76000, 2, 3),
(30, 'Luna Turner', '2022-07-10', 58000, 3, 5);

-- SALARIES_LOG 
INSERT INTO salaries_log (emp_id, salary, changed_at) VALUES
(1, 72000, '2023-01-01'),
(2, 68000, '2022-08-01'),
(3, 115000, '2023-04-01'),
(4, 112000, '2022-11-01'),
(5, 70000, '2023-05-15'),
(6, 69000, '2022-03-21'),
(7, 119000, '2023-02-17'),
(8, 96000, '2023-06-05'),
(9, 64000, '2023-01-11'),
(10, 100000, '2022-09-01'),
(11, 60000, '2021-11-30'),
(12, 95000, '2023-07-19'),
(13, 105000, '2023-01-15'),
(14, 72000, '2023-08-01'),
(15, 87000, '2022-10-22'),
(16, 135000, '2023-03-14'),
(17, 113000, '2022-12-07'),
(18, 69000, '2023-02-01'),
(19, 93000, '2023-05-22'),
(20, 62000, '2022-09-14'),
(21, 117000, '2023-01-30'),
(22, 70000, '2023-06-09'),
(23, 66000, '2023-02-25'),
(24, 94000, '2023-04-17'),
(25, 90000, '2023-03-11'),
(26, 85000, '2023-06-01'),
(27, 100000, '2022-12-30'),
(28, 77000, '2023-01-09'),
(29, 76000, '2022-08-16'),
(30, 58000, '2023-05-05');